Series Name,Series Code,Country Name,Country Code,2005 [YR2005],2006 [YR2006],2007 [YR2007],2008 [YR2008],2009 [YR2009],2010 [YR2010],2011 [YR2011],2012 [YR2012],2013 [YR2013],2014 [YR2014],2015 [YR2015],2016 [YR2016],2017 [YR2017],2018 [YR2018],2019 [YR2019],2020 [YR2020],2021 [YR2021],2022 [YR2022],2023 [YR2023],2024 [YR2024]
GDP per capita (current US$),NY.GDP.PCAP.CD,Afghanistan,AFG,254.184249149336,274.218553561575,376.223152003876,381.73323802844,452.053705477043,560.621505463146,606.694676337726,651.417134470046,637.087099117099,625.054941813938,565.569730408751,522.082215583898,525.469770891619,491.337221382603,496.6025042585,510.787063366811,356.496214115892,357.261152798144,413.757894705303,..
GDP per capita (current US$),NY.GDP.PCAP.CD,Albania,ALB,2741.72136549578,3057.77257038113,3743.05529896187,4498.50486763601,4213.65007574693,4149.14469936847,4465.70914328865,4222.3470988913,4420.23461988353,4602.23051443229,3981.72662261867,4168.37544462548,4614.0479692596,5365.48880180298,5460.4305086932,5370.77749956875,6413.28280828537,6846.42669381643,8575.17134637222,10011.6279856667
GDP per capita (current US$),NY.GDP.PCAP.CD,Algeria,DZA,3233.13339634212,3660.66104745322,4167.45169937531,5180.91881514686,4235.42990456612,4912.78585503672,5916.31364364343,6033.64884689543,5979.60138960585,6094.69392314956,4685.05902729002,4424.98529027556,4554.66753957828,4577.21029180491,4468.45341883656,3743.5419522929,4160.55926736925,4961.55257664733,5364.02795022731,5631.17999109851
GDP per capita (current US$),NY.GDP.PCAP.CD,American Samoa,ASM,8831.26975996609,8745.16621137404,9231.37240924563,10030.8089130902,12156.0293905777,10375.1720141957,10383.459331451,11745.4899153958,11813.5022034589,12026.3344929488,12727.4102651386,12843.3342903627,11863.6839452565,12552.0546868861,12886.1359517218,14489.2586563775,15236.1604875571,18017.4589383973,..,..
GDP per capita (current US$),NY.GDP.PCAP.CD,Andorra,AND,40829.801876968,43467.2109930745,48336.2283329823,49132.515707808,43975.0183668093,42746.8309526019,46657.1561173756,41500.5435791686,42470.3161159692,44369.659691379,38654.9347203095,40129.8192007698,40672.9943348258,42819.7745797624,41257.8045846483,37361.0900666982,42425.6996756291,42414.0590092117,46812.4484486309,49303.6733899464
GDP per capita (current US$),NY.GDP.PCAP.CD,Angola,AGO,1916.46842218625,2617.05196022633,3141.0459797605,4103.0669003635,3136.64546955947,3597.34293216332,4615.91059831778,5086.02740086376,5057.74787833163,5005.9997412707,3213.90261080059,1807.95294072643,2437.25971190821,2538.59139143371,2189.85571407618,1449.92286669308,1925.87466082167,2929.69445467272,2309.53413042773,2122.08368991872
GDP per capita (current US$),NY.GDP.PCAP.CD,Antigua and Barbuda,ATG,14368.5708796058,16173.8136329968,18204.5124043068,18786.6743142216,16472.2478528568,15217.3950790922,14911.7275084471,15639.8078114787,15051.5113587425,15532.1062063584,16077.6340769406,16556.8551801588,16965.7288273816,18273.4270684912,18896.3721832248,15369.6082250401,17348.6006987182,20105.1989085164,21494.5474000727,23725.7903725506
GDP per capita (current US$),NY.GDP.PCAP.CD,Argentina,ARG,5067.65342293276,5869.38028970204,7185.25155147027,8944.1102657357,8150.23527028221,10260.1313108254,12704.2831819684,12949.717486654,12963.675773326,12233.1444119186,13679.6264980954,12699.9623137756,14532.5009308511,11752.7998922979,9955.97478680428,8535.59938004389,10738.0179223384,13935.6811110049,14187.4827252965,13858.2039802008
GDP per capita (current US$),NY.GDP.PCAP.CD,Armenia,ARM,1557.48458908655,2041.65267068997,2962.70234594569,3777.66859313767,2820.5926553347,3041.34450723339,3349.55309771906,3511.56399687426,3680.16692158886,3852.11800610384,3512.39350276709,3524.42476874707,3869.05373867752,4196.00562301769,4597.22887399548,4268.68093304583,4685.17997128509,6571.97445545099,8125.27395754003,8500.60522486719
GDP per capita (current US$),NY.GDP.PCAP.CD,Aruba,ABW,24171.8371325422,24845.65848362,26736.3089444046,28171.9094008501,25134.7712303589,24093.1401510626,25712.3843015186,25119.6655449838,25813.5767274227,26129.8390617693,27458.2253310273,27441.5296617282,28440.051963759,30082.1276448186,31096.2050738676,22855.9323200761,27200.0610793969,30559.5335346581,33984.7906198041,..
GDP per capita (current US$),NY.GDP.PCAP.CD,Australia,AUS,34479.7679298388,36595.7071548423,41051.6120652288,49701.2817843335,42816.5674002829,52144.6654705468,62605.600458306,68072.8732340801,68190.7010035651,62544.0873773726,56739.0265346593,49888.0410842736,53901.7145392154,57196.4220783778,54972.7017885437,51791.540179984,60607.7788605166,64997.0136536475,64835.9199754535,64407.484256932
GDP per capita (current US$),NY.GDP.PCAP.CD,Austria,AUT,38157.37022862,40382.2078298575,46622.9622913635,51581.3982361071,47857.4446635266,46611.1393420232,51116.8953522042,48250.4059142637,50305.3545774973,51314.9722616322,43915.228020857,45061.4993920192,47163.7425775142,51194.0749841299,49885.9947355204,48716.4098900349,53648.7190742245,52176.6649141178,56033.573792065,56833.1960472053
GDP per capita (current US$),NY.GDP.PCAP.CD,Azerbaijan,AZE,1578.36733030667,2472.95725732287,3851.33015175141,5574.46810432575,4950.39949009423,5843.5337683582,7189.81869211976,7495.86527658099,7875.34536661549,7890.84028062087,5500.50364628486,3880.6852276838,4147.1981423222,4739.7943123408,4805.75371765917,4229.91064904503,5408.04535175023,7770.594223351,7133.02838048328,7283.83562954872
GDP per capita (current US$),NY.GDP.PCAP.CD,"Bahamas, The",BHS,28602.4181869995,29184.7865087908,30051.8489587756,29392.3824416397,27512.9130950084,27473.100430502,27090.8376801379,28552.0242683151,27642.7419759179,29137.2175632622,30719.405417469,30616.5363157284,31875.4881749619,32642.3353203452,33640.3369861278,26178.7537607708,30367.8605757708,34957.1613279737,38231.774484278,39455.4466548546
GDP per capita (current US$),NY.GDP.PCAP.CD,Bahrain,BHR,17966.1657837625,19267.282615072,20908.4042548073,23299.4992780392,19465.3140745038,21819.3291098099,25032.7867743333,26438.6733230428,26989.7601148469,26451.7965647453,23734.0551143019,23800.001440631,24784.7693514607,26324.4066549559,27259.7438599327,24342.8444554718,27147.8083882286,30470.5219276023,29290.1284215098,30048.2177718844
GDP per capita (current US$),NY.GDP.PCAP.CD,Bangladesh,BGD,480.08585075452,490.388026533289,537.955492792911,613.06204104124,679.211477428056,757.385280361508,837.336944695647,859.680536375497,958.262989798283,1094.46199702838,1224.38647668165,1649.28380858601,1811.08221668646,1965.24372731467,2129.79896954606,2248.85078828233,2482.84917843357,2716.48592780431,2551.01773827307,2593.41607390407
GDP per capita (current US$),NY.GDP.PCAP.CD,Barbados,BRB,14214.4202213572,15619.6005955511,17235.4396434785,17565.6929970592,16294.9099491834,18860.3833703309,19345.9953139542,19034.0708028512,19308.0091116993,19277.9423599235,18954.2913724506,19065.8069800213,19692.7606711615,20055.915870771,20583.7265786414,18347.1109131055,18696.7858952957,22164.0260273876,23804.0249914995,25365.7949424181
GDP per capita (current US$),NY.GDP.PCAP.CD,Belarus,BLR,3126.07176665248,3848.22350300163,4735.48107556066,6376.17569162063,5352.48809190697,6034.67885177216,6527.6593428786,6953.21591683101,7998.0802045456,8341.31809294883,5967.05595058777,5039.77560949445,5785.54491935194,6360.037502312,6837.77339645635,6542.85579976768,7489.71894713888,7994.64806074889,7896.75388295584,8316.64776291533
GDP per capita (current US$),NY.GDP.PCAP.CD,Belgium,BEL,36809.7013403619,38705.1067959147,44319.165448813,48303.397956286,44923.3400135081,44197.393671162,47760.8298776546,44874.1709182123,46964.5946777056,47995.7786961339,40893.804537772,41854.5498296444,44035.3239358548,47487.2100392561,46716.6227467964,45906.2875805246,51658.238294958,50822.2518538518,54690.0942734964,55954.6106261018
GDP per capita (current US$),NY.GDP.PCAP.CD,Belize,BLZ,5272.74417207961,5527.16775856439,5765.28199932455,5713.28126796797,5401.22963143045,5451.13897172477,5582.22170621269,5709.68918765363,5950.20299917747,6128.14288539305,6154.49593498217,6142.49873185177,6072.58267640581,6031.28139580144,6190.04792278445,5227.19363786168,6122.61158580079,7068.45478269722,7459.99815132837,8429.67959707387
GDP per capita (current US$),NY.GDP.PCAP.CD,Benin,BEN,779.437777753268,809.147072506221,912.338247188342,1060.60254502099,1024.10277858112,973.244254931526,1059.41358852588,1071.5258366283,1168.92699279226,1204.39918670094,1002.41886879614,1010.5338961993,1054.97408066814,1151.7409703472,1130.82135339795,1200.19426631122,1318.65158107487,1266.42710981159,1394.17784663045,1485.38018980894
GDP per capita (current US$),NY.GDP.PCAP.CD,Bermuda,BMU,77628.103522508,97781.4558996721,107395.651483891,110268.562401264,104711.712420357,104111.824244802,99049.0169927667,100213.493385287,101704.40746217,100961.576602811,104855.366822135,108747.356144305,112339.425587467,113204.82210838,115798.040775578,106976.546239632,112765.08167306,121613.939983629,132604.439086216,138934.958846463
GDP per capita (current US$),NY.GDP.PCAP.CD,Bhutan,BTN,1299.94938578359,1405.6071618158,1850.41570433398,1919.59774896395,1918.39599211093,2435.5798056672,2787.97967608562,2751.2128864294,2679.95217201538,2849.49998647303,2954.04081911097,3152.30905106786,3435.28804735662,3400.20417245342,3576.87987100503,3191.66906999331,3570.61257980872,3711.32767981591,3839.4093039286,..
GDP per capita (current US$),NY.GDP.PCAP.CD,Bolivia,BOL,1020.12326200737,1202.71150446327,1354.54905949929,1692.67248455876,1731.18172112209,1929.78373077158,2315.52121930607,2575.59857098084,2870.02377000756,3041.43503162408,2996.01289811344,3035.87347732132,3306.30301224425,3500.72642189887,3503.89601123129,3099.94219053514,3384.84486462654,3643.92826984604,3686.27996442176,4001.21133990795
GDP per capita (current US$),NY.GDP.PCAP.CD,Bosnia and Herzegovina,BIH,2739.61076866057,3166.12865344833,3931.48948737505,4841.69311934649,4539.91863774968,4506.47828548389,4982.69375768263,4693.78899115381,5034.56616016469,5206.06558252,4662.25883724069,4928.5665251728,5345.01985489192,6047.84584261133,6122.3753450882,6130.31133245161,7295.3438240957,7655.59421024383,8663.02322987879,8957.37294188215
GDP per capita (current US$),NY.GDP.PCAP.CD,Botswana,BWA,5391.07076619634,5291.58379144849,5529.12574632532,5503.07395314313,5082.93388332404,6215.73216077919,7287.38295334919,6595.53845015424,6666.91219583487,7122.36423421503,6141.20394726616,6749.05994339013,7104.96401088027,7407.95940141786,7172.08956480028,6323.29749806946,7807.88794500125,8328.70905682185,7826.35376483298,7695.2420641819
GDP per capita (current US$),NY.GDP.PCAP.CD,Brazil,BRA,4827.78173074714,5934.14470924968,7409.69130673473,8908.33176538648,8678.6592244676,11403.2821278747,13396.6243562986,12521.7213519966,12458.8912138813,12274.9939689363,8936.19661712113,8836.28652735657,10080.5092819305,9300.66164923219,9029.83326681073,7074.19378337644,7972.5366498646,9281.33334441234,10377.5892792557,10280.3148624429
GDP per capita (current US$),NY.GDP.PCAP.CD,British Virgin Islands,VGB,..,..,..,..,..,..,..,..,..,..,..,..,..,..,..,..,..,..,..,..
GDP per capita (current US$),NY.GDP.PCAP.CD,Brunei Darussalam,BRN,29386.2703597208,34674.7995990594,36217.3291010089,42156.5685216979,30946.4674272953,34937.5555174068,46382.8274456238,46968.5971144517,44003.0644293856,41026.508391054,30625.128732694,26663.2973199878,28024.3824618568,30988.1190497851,30426.5730284202,26834.3592463839,31006.9636220576,36632.9280421411,32890.5492465722,33417.8357740437
GDP per capita (current US$),NY.GDP.PCAP.CD,Bulgaria,BGR,3899.82596332878,4523.1465578805,5888.57081403932,7271.30338858025,6988.27316296465,6853.94805511171,7849.58061302818,7431.95789508871,7795.98092108928,8069.60005667684,7268.65445473873,7822.49923292968,8696.68930427924,9872.38507789106,10372.8044341114,10769.9475699414,12972.2173356002,13999.6719197289,15883.8618545581,17412.4115085691
GDP per capita (current US$),NY.GDP.PCAP.CD,Burkina Faso,BFA,441.164148016012,455.513655620024,514.684451177238,619.437533256264,601.569520671859,624.957252224766,725.024767725475,731.470138867833,759.762065168498,764.861675106225,630.124750752312,663.742364842886,709.091535894695,777.465618514048,764.853077774946,825.237038782475,895.535288442991,836.118304593682,882.689810086163,987.321378101867
GDP per capita (current US$),NY.GDP.PCAP.CD,Burundi,BDI,147.234619294225,161.892755640319,166.162744906755,189.502074570768,199.097633037708,216.727705301976,230.070577369084,231.688496393569,234.843045388828,250.540481111877,280.966831311923,235.286205393908,236.694472592753,224.89939239264,210.236494521532,210.008139902508,214.091455416133,250.634225368744,192.074305359351,153.930217854023
GDP per capita (current US$),NY.GDP.PCAP.CD,Cabo Verde,CPV,2004.14680417563,2256.99666191075,3324.57675212498,3908.64885822576,3659.72046361628,3579.46006137809,4002.01386888785,3736.81517011087,3960.97596791345,3985.60706548134,3415.06266730931,3608.96605234906,3893.09571382506,4294.96510035729,4380.78117331128,3539.22661248299,3971.44409203423,4323.31362032709,4861.29184126229,5272.85253011419
GDP per capita (current US$),NY.GDP.PCAP.CD,Cambodia,KHM,525.797325120926,612.252648550727,731.692295125426,866.283999789749,875.748936193569,952.274616324008,1088.98152823081,1192.80263041673,1305.6600972686,1431.56396469993,1547.32010444393,1675.19555711109,1826.35391688754,2036.67377566578,2225.87705485686,2081.73914242939,2167.40324198499,2325.03050040841,2429.74853452838,2627.8796974226
GDP per capita (current US$),NY.GDP.PCAP.CD,Cameroon,CMR,1142.62466252106,1191.45458990968,1325.67248215933,1492.14269801453,1461.38999232337,1398.58702025047,1513.96056994878,1449.09874362279,1575.92882118897,1649.4433905949,1415.00009710569,1441.7201725688,1496.08951771242,1610.69641591017,1555.22660476477,1555.60370660749,1672.32657340872,1604.87726954895,1736.86091073524,1762.3683508844
GDP per capita (current US$),NY.GDP.PCAP.CD,Canada,CAN,36383.6600068095,40504.0370977806,44660.0838892281,46710.2526864484,40874.8831932903,47560.6666009406,52223.8588398531,52670.3447335415,52638.1187235237,50960.8431174661,43594.1941045394,42314.0615817218,45129.628116623,46539.1761570405,46352.8693445211,43537.839298904,52886.6616372703,56256.8007264015,54220.3285039875,54282.6176051733
GDP per capita (current US$),NY.GDP.PCAP.CD,Cayman Islands,CYM,..,87085.0937376216,89888.2618212462,89655.1196222184,81373.5711516642,76837.6699636672,75280.960764889,75101.59136128,75113.7332398618,75845.3060407986,76379.2095108681,77802.2541567187,80053.9444506891,83865.5531568184,88254.2903677044,82338.7982853661,86438.445257404,92202.1478031576,97749.5078960846,..
GDP per capita (current US$),NY.GDP.PCAP.CD,Central African Republic,CAF,311.950023138687,333.942519903031,380.887048839475,437.24827472489,456.471673898404,476.873786950728,534.057281471636,544.395849142785,364.36696260838,409.8504859647,366.322853938121,387.176203444318,432.324025684263,455.243962859534,449.228467602439,462.879071294011,492.263142830507,467.359825026238,495.978897288721,516.170424537757
GDP per capita (current US$),NY.GDP.PCAP.CD,Chad,TCD,838.092107712557,906.897260572747,980.483531485103,1166.36883453841,1035.63719694254,1141.80069268412,1308.1421872538,1354.34344701937,1304.88742971475,1278.78981422494,993.990730610869,861.831767630746,854.46120040098,948.656629871231,893.336441643325,866.947814890409,946.358500208374,966.036468278568,989.058528968588,1016.08880662712
GDP per capita (current US$),NY.GDP.PCAP.CD,Channel Islands,CHI,57647.1188908006,62745.1006593557,74139.97799443,..,57778.5407063052,56121.6387322912,60419.2321641296,58813.9364818794,59304.850854272,64700.7423916131,61852.0735568957,55950.1482938989,55806.5708942966,60783.3529257544,60568.108347955,56785.9402005039,66912.1753241171,67627.3084478235,74589.1381155014,..
GDP per capita (current US$),NY.GDP.PCAP.CD,Chile,CHL,7480.32330998636,9318.65655296121,10346.4138184533,10683.2188772511,10098.8017167286,12632.8704724192,14487.3927832032,15241.9069981119,15683.5486369155,14529.6767206336,13433.9202987032,13649.8520452803,14879.9086227187,15659.4808675628,14495.716721687,13114.815470545,16206.8325493421,15405.6165774073,17067.0364799154,16709.8893972307
GDP per capita (current US$),NY.GDP.PCAP.CD,China,CHN,1777.64496828464,2129.25696999613,2734.72709877693,3523.44302065213,3898.24459158811,4629.24551710077,5703.76027973346,6405.0574241349,7147.03518622344,7781.06597484974,8175.33285077393,8254.86859320357,8979.67652709856,10085.6638148819,10342.9009524335,10627.4637989619,12887.4357242941,12970.6056414327,12951.1782397043,13303.1481543868
GDP per capita (current US$),NY.GDP.PCAP.CD,Colombia,COL,3456.06610874512,3789.85361217027,4769.926147194,5541.83629665898,5250.97292433518,6398.2958447102,7400.9940695669,8108.59838244229,8279.10255642981,8187.20824890084,6248.51490534512,5959.84250367574,6479.53231292429,6816.96818309544,6472.54544924705,5339.68711357943,6222.62164397614,6680.44506854481,7000.83660501046,7913.98801464547
GDP per capita (current US$),NY.GDP.PCAP.CD,Comoros,COM,1103.20658498402,1154.90422349749,1289.73631056361,1455.02768595586,1410.30516959473,1386.57533553376,1531.43969320468,1490.31425650871,1603.32653496691,1615.71718460209,1329.3704808998,1365.48403353158,1423.92480215551,1540.71132331975,1519.26386326167,1527.16990927956,1587.72988601478,1533.87755332151,1682.20285095721,1784.11546860293
GDP per capita (current US$),NY.GDP.PCAP.CD,"Congo, Dem. Rep.",COD,203.561668860749,238.417639415512,267.88850879878,307.319638606745,280.798051526498,314.53858629844,364.714191777632,400.059901824342,431.191528160935,458.004541775676,467.9145805459,442.310472110228,436.584534687385,528.256019777898,557.044161335917,507.521230077872,558.034077296358,642.612267148918,633.395661686298,647.435704836002
GDP per capita (current US$),NY.GDP.PCAP.CD,"Congo, Rep.",COG,1799.05158366154,2103.5821381211,2206.47101863414,2832.09177777643,2271.15219175966,2946.55798067708,3396.16505817952,3732.32737320389,3697.41705884249,3601.2365808718,2439.35189403696,2093.10728558843,2211.63309874797,2694.43413191427,2488.42466724916,1993.586671931,2516.16255145432,2620.83804304713,2477.97845477092,2482.24894743495
GDP per capita (current US$),NY.GDP.PCAP.CD,Costa Rica,CRI,4703.00721784778,5256.59640859159,6137.71199925542,6937.24261596055,6832.69829924138,8265.78820275899,9276.39107510528,10126.999102414,10803.2401961972,10911.4978783227,11714.7105980803,12091.0301606335,12317.0902771322,12590.2493781628,12884.6859951947,12394.0493969354,12838.1185359009,13625.9008491478,16942.0268119304,18587.1532203614
GDP per capita (current US$),NY.GDP.PCAP.CD,Cote d'Ivoire,CIV,1197.74616979415,1230.43056838584,1367.53817722326,1583.97066701372,1540.45393569596,1553.54887048143,1596.62826565998,1546.9460184731,1786.15862031324,1991.36539423404,1814.71855088017,1862.59597081287,1964.29930338343,2130.86619381144,2141.76836170115,2179.72934832935,2455.98127626488,2333.37128334477,2554.67304885576,2709.89511641252
GDP per capita (current US$),NY.GDP.PCAP.CD,Croatia,HRV,10443.5278353294,11502.753124287,13757.605654192,15889.4347074759,14475.9632928725,13731.2865213989,14694.9993201417,13508.6836989693,14136.3967669505,14187.9694531493,12285.3032582105,12821.1738140304,13902.6310485422,15460.4183295843,15563.8167397199,14808.4620188819,17789.9304736722,18466.0955472648,21865.4562838641,23931.4528382746
GDP per capita (current US$),NY.GDP.PCAP.CD,Cuba,CUB,3786.33799225291,4329.98265964383,4807.43888960684,4986.12436479175,5089.23519757167,5272.26755824835,6104.46105236166,6470.83673392653,6828.36428245396,7146.70459051328,7727.91997207998,8110.55873961397,8610.60829531998,8911.46205964193,9232.26115935183,9605.26125067263,..,..,..,..
GDP per capita (current US$),NY.GDP.PCAP.CD,Curacao,CUW,17032.3356620744,17400.1637780186,18005.7165850772,19423.3352430175,19540.2476579348,19847.2310127979,19426.326382752,19809.8223198624,19721.2921646576,19623.029993395,19361.8130008678,18944.0961493998,18938.2440469703,19119.1243941688,19220.6865793075,16356.0933254541,17979.9982909306,20501.7522782219,21061.741639092,..
GDP per capita (current US$),NY.GDP.PCAP.CD,Cyprus,CYP,24959.26171875,26729.28125,31244.87890625,35397.296875,32236.44921875,31105.02734375,32485.796875,28991.935546875,27797.45703125,27244.3515625,23487.228515625,24715.154296875,26696.990234375,29599.986328125,29703.052734375,28649.015625,33734.03515625,33894.44921875,36551.41796875,38654.16796875
GDP per capita (current US$),NY.GDP.PCAP.CD,Czechia,CZE,13442.4916284309,15259.0788162004,18452.6532812196,22774.7045076205,19817.4215836554,20160.4355077059,22049.1080788682,20014.0354015165,20260.4954999375,20038.4163180257,17931.5987670768,18753.9686718096,20913.197632212,23705.9329811299,24062.7190013343,23472.8915454417,27696.4619527544,28282.2236715857,31591.0568216357,31706.6234229743
GDP per capita (current US$),NY.GDP.PCAP.CD,Denmark,DNK,48925.8076698784,52119.1787984282,58631.6566433635,64616.6657583663,58412.7472358513,58104.5445594981,61809.737898222,58443.7747103968,61377.5940590412,62520.4509747011,53094.0133607574,54500.9260410217,57521.5514992225,61324.7665045565,59404.2663247723,60985.4885601514,69727.9873677012,68091.3191138669,68453.8769281145,71851.7562131368
GDP per capita (current US$),NY.GDP.PCAP.CD,Djibouti,DJI,844.4483573908,898.464628136774,969.573220191902,1119.15233346969,1150.9375857489,1213.23352553429,1306.34552844977,1400.19357858954,2075.94498424748,2214.62084142432,2376.12554719873,2510.4300076241,2618.95521147369,2718.08338799203,2837.16902340932,2844.88810647853,3025.91126413549,3133.25779772463,3397.52015779588,3496.47111876763
GDP per capita (current US$),NY.GDP.PCAP.CD,Dominica,DMA,5695.22442394675,6055.78109574854,6459.03503689609,6971.32633839289,7487.49010395154,7549.61964680375,7705.40717248319,7528.51001990155,7822.21797211398,8131.74876096735,8282.59874702141,8802.56172041363,8224.64896571414,9215.3085405645,9491.14995962374,7827.74842680426,8376.40414141113,9323.66089490562,9912.96212766668,10405.2787777582
GDP per capita (current US$),NY.GDP.PCAP.CD,Dominican Republic,DOM,3878.31206735244,4055.14270347371,4649.64558875814,5023.58513403515,4973.95186999952,5478.62470398954,5826.51014109195,6013.81965002603,6136.59429329301,6496.45166971142,6800.95309395474,7160.44200982307,7412.71571571512,7882.98221584944,8183.01623600375,7135.22273255899,8527.0754858205,10104.2449349081,10630.431743829,10875.6618443092
GDP per capita (current US$),NY.GDP.PCAP.CD,Ecuador,ECU,2909.02606014388,3243.67010359339,3478.92488770671,4194.75750661981,4053.36331139298,4520.30959039763,5153.6916424375,5634.08393191094,6109.29031510341,6405.79979300441,5976.1596805651,5917.63771271481,6233.32244797718,6303.91886658338,6205.05765246766,5463.64515348598,6061.32350181711,6515.58528418336,6737.84748379638,6874.705739766
GDP per capita (current US$),NY.GDP.PCAP.CD,"Egypt, Arab Rep.",EGY,1105.53920713903,1298.97900203124,1547.74170735909,1896.21594269779,2161.63964573927,2455.08194645282,2590.64384891965,2996.0677072015,3025.52563552448,3133.39102265541,3306.98159414141,3270.6287768197,2395.10333299491,2484.70315630508,2962.98892023003,3511.11381026379,3827.35415374308,4233.30783744856,3456.78968456253,3338.47371395895
GDP per capita (current US$),NY.GDP.PCAP.CD,El Salvador,SLV,2447.39140845394,2665.61807194853,2830.65693770733,2983.24829577976,2910.18651752011,3040.07300952878,3330.60049486653,3497.91256915509,3582.26694005169,3666.01248913873,3790.34089108162,3901.34014965811,4020.12671373919,4183.54620971358,4320.11671534627,3997.19279583709,4642.60743101342,5074.60210221806,5365.44491399171,5579.65969165029
GDP per capita (current US$),NY.GDP.PCAP.CD,Equatorial Guinea,GNQ,8673.9026086535,10184.8841248541,12616.9532942011,18210.5552970599,13232.5019378102,13720.1658723222,17198.2136668275,17308.5723924575,16304.0713196418,15548.6624656619,9068.91003238645,7453.19797948517,7809.10465655488,8102.47084834031,6804.14923073888,5764.05502912947,6945.63069794539,7589.29964909381,6677.793435386,6745.40013244916
GDP per capita (current US$),NY.GDP.PCAP.CD,Eritrea,ERI,412.753079199423,447.997404727201,480.44762365456,490.066956003333,642.92572288007,539.699512069686,688.68165957684,..,..,..,..,..,..,..,..,..,..,..,..,..
GDP per capita (current US$),NY.GDP.PCAP.CD,Estonia,EST,10414.6381183565,12641.4800976473,16745.4308011148,18205.9064113446,14712.4494217916,14663.7041018705,17555.5455239426,17568.2137969714,19310.3874900757,20581.7898991695,17722.1557669523,18666.3736521706,20851.5223496861,23618.1361254581,24021.2501413306,23933.9939421065,27953.7670230126,28451.1477825175,30133.304450454,31170.0915091887
GDP per capita (current US$),NY.GDP.PCAP.CD,Ethiopia,ETH,158.243458082465,189.345737521418,237.146255996319,316.410475118075,368.574712267445,330.619412798644,343.024942351887,452.101031885754,484.039833104062,549.986577082588,621.845673808133,696.196084806324,745.632433925343,747.968003672674,828.709080522921,905.313159254148,910.947887074508,1011.07332413462,..,..
GDP per capita (current US$),NY.GDP.PCAP.CD,Faroe Islands,FRO,36389.081644098,41743.6812847661,48348.7393711011,51287.8911081663,47059.1947296738,47923.1515374991,51618.9907766392,50261.9616267693,55758.2083680611,60172.0632541664,52635.0375463609,56875.2803813296,59387.353086482,62526.4908515743,63067.0695697911,62240.822409175,68749.4005557957,66139.3809716876,71774.3522353393,..
GDP per capita (current US$),NY.GDP.PCAP.CD,Fiji,FJI,3377.69126953493,3455.10599907349,3762.74692789299,3899.92231512129,3164.13275408169,3449.14452883369,4139.60288609702,4341.40338748749,4572.44377544245,5293.35676680464,5097.53106864695,5363.79026679243,5826.84814459328,6085.41979485376,5950.82866866702,4844.42127154524,4696.17103944634,5405.03006162671,5888.73667332429,6288.39867264416
GDP per capita (current US$),NY.GDP.PCAP.CD,Finland,FIN,39049.8703780223,41214.0187765069,48473.0240091455,53769.4726240385,47478.3495310999,46506.2919016566,51060.3242589767,47551.6740841369,49691.0145200739,50073.7760815871,42560.3456767103,43451.2562442158,46085.0174739036,49654.2497035329,48358.1807773701,48828.6846862799,53099.1351400148,50440.560224974,52821.5114340717,53188.6186245158
GDP per capita (current US$),NY.GDP.PCAP.CD,France,FRA,34696.3718316971,36431.5658906555,41486.1907828787,45464.8181385158,41728.0884164132,40694.8211697025,43929.7840873812,40863.5814412333,42669.1795111893,43148.0459288416,36702.4323733379,37024.2157133669,38687.1626407164,41418.1766484844,40408.2848574751,39169.8606000707,43725.0999521245,41082.8119320747,44690.9345395117,46150.4876861593
GDP per capita (current US$),NY.GDP.PCAP.CD,French Polynesia,PYF,21984.1936230719,22330.8676659055,24888.1781337361,26592.0262835732,24434.2197555208,22494.806706186,22831.5185348524,20846.5457478364,21955.6329264095,22258.6321384251,19166.9594761931,19690.0775734589,20826.9312492172,21925.616043938,21582.5892046801,19966.4838503859,21982.9038942614,20738.6499971661,22774.1418988734,..
GDP per capita (current US$),NY.GDP.PCAP.CD,Gabon,GAB,6547.87613955186,6847.00985685394,8003.54289696049,9688.64519690633,7290.57526093114,8356.74662013345,10219.1139339454,9296.96587941088,9197.70106323947,9201.36276648105,7047.12654634355,6677.07003901644,6921.73373135624,7624.2775233771,7441.1786472281,6605.80346077904,8181.40914134398,8409.20741452279,8071.39777400455,8218.76307061848
GDP per capita (current US$),NY.GDP.PCAP.CD,"Gambia, The",GMB,616.483657865348,614.544307904464,724.726407242432,859.127671411226,774.888030908091,801.033372714536,710.608411468152,692.579361628102,653.862713272743,568.00453558864,619.536364296461,650.056501323611,642.522641296331,696.219806960615,738.186751987483,720.335143352133,781.890925169531,836.244875582631,888.157407441902,908.525674150965
GDP per capita (current US$),NY.GDP.PCAP.CD,Georgia,GEO,1642.78359414797,1996.02013272284,2635.36650276116,3324.7537205015,2822.68939668797,3281.72930937343,4119.66818307193,4530.69533409431,4712.00229382665,4830.33486170249,4086.6223465965,4143.40125686315,4418.75206546679,4804.0546040444,4741.2832715876,4300.85701291207,5083.60695484577,6729.84659930283,8283.66960652261,9193.66366361489
GDP per capita (current US$),NY.GDP.PCAP.CD,Germany,DEU,35084.4363546269,36980.3349948954,42350.9217211489,46386.3295924799,42487.2137101496,42409.9356994694,47646.582043143,44735.5882319701,47220.0102098851,48971.0824722599,41911.0109851054,42961.0356905775,45526.5999576533,48874.8595028454,47623.8656074829,47379.765194548,52265.6541620571,49686.1154582583,53940.4073447462,55800.2194549412
GDP per capita (current US$),NY.GDP.PCAP.CD,Ghana,GHA,478.611909191028,906.441027564887,1050.12461524926,1182.65761256016,1047.70430093586,1263.89251760539,1507.43573198753,1543.77524235764,2294.79584693743,1949.90832923846,1722.77282833606,1912.47991339951,2012.28662641265,2195.32166016377,2186.65822682613,2195.45481659987,2445.18662529344,2229.89122647803,2383.90410483418,2405.79466378083
GDP per capita (current US$),NY.GDP.PCAP.CD,Gibraltar,GIB,..,..,..,..,..,..,..,..,..,..,..,..,..,..,..,..,..,..,..,..
GDP per capita (current US$),NY.GDP.PCAP.CD,Greece,GRC,22054.1315756886,24416.0232970275,28440.7625328955,31695.8331092209,29425.4573200263,26653.0488008626,25504.7866510124,21624.346052551,21573.3449762805,21474.7257123892,17980.7298238137,17919.2426377048,18631.9930129293,19873.4015238771,19335.3602002969,17886.733165236,20654.7001960815,20971.8349258283,23400.7278817691,24752.1068401681
GDP per capita (current US$),NY.GDP.PCAP.CD,Greenland,GRL,32489.7277309899,35457.6297578214,39780.9441368721,44366.7858688175,44918.8413832155,44277.1993400972,47186.8759969388,45936.9562817724,47535.4883792376,50485.2244135291,44536.3549705377,48181.7453541266,50765.7494665372,54545.135857765,53309.2035905065,54812.6661771023,58135.9939910203,55635.0006491223,58498.9743142433,..
GDP per capita (current US$),NY.GDP.PCAP.CD,Grenada,GRD,6338.56011405358,6344.0383771432,6864.54816771858,7448.2040563865,6932.56472176781,6909.60169568597,6947.38136096464,7092.71985352677,7424.80212287327,7986.33421210788,8694.12438005692,9221.23461079424,9751.42661155932,10083.021279225,10462.7929159533,8968.55890108484,9622.24050459345,10535.4588771454,11308.2874249451,11871.6117006031
GDP per capita (current US$),NY.GDP.PCAP.CD,Guam,GUM,25631.9776108052,25709.9351488422,26605.4324214756,28112.2316573422,29054.0581201519,29719.7967836082,29926.2052442913,31653.7506538168,32530.7593121483,33900.1486530583,35165.7014644795,35930.6594898711,36779.0078903909,37195.9503070464,39274.9431424899,36482.9363953675,38074.8793745801,41833.1517132825,..,..
GDP per capita (current US$),NY.GDP.PCAP.CD,Guatemala,GTM,2046.46611650758,2225.1234753878,2458.81573919384,2763.05988172926,2611.64632773352,2805.25960237322,3168.98370607705,3286.61959336267,3444.15971264862,3689.14471813777,3893.50522093509,4060.13754974186,4324.99608157801,4352.94651790253,4511.99755157656,4477.61761796418,4912.62225721201,5358.70127494396,5758.30876298845,6150.02597767851
GDP per capita (current US$),NY.GDP.PCAP.CD,Guinea,GIN,463.17768685098,446.980554135013,650.148575304743,703.532825784369,662.185914665575,659.235326211315,636.694958747648,699.353377212197,748.455020824734,765.146999389279,747.356966759448,711.996509782316,833.598621691121,933.273615633705,1031.34146480732,1053.66097696415,1244.96550477914,1416.59612011764,1555.49375806861,1717.02318120779
GDP per capita (current US$),NY.GDP.PCAP.CD,Guinea-Bissau,GNB,463.073962650452,448.513075469701,519.069789794741,640.210331101753,583.190020139094,600.194298540768,719.539573498937,635.461653303881,654.304534409417,652.022501029449,645.066837207039,679.665386626818,783.123186602022,808.531613218504,807.425524872835,836.26731423732,912.484104692847,873.437861875428,964.927554218909,962.983627901892
GDP per capita (current US$),NY.GDP.PCAP.CD,Guyana,GUY,1084.06541388904,3135.60553528326,3608.28685240188,4008.9628671603,4209.13230624565,4581.76179693492,4947.22170589917,5444.39751913913,5556.91231156932,5472.68820452237,5640.41560569466,5870.87823759835,6178.6650437298,6048.38697180418,6405.82443444562,6775.70939096303,9860.87014834386,17913.4928066879,20473.7002190617,29883.6341152001
GDP per capita (current US$),NY.GDP.PCAP.CD,Haiti,HTI,775.845704056916,828.805700289589,984.566983448521,1094.66058421644,1196.8528706018,1209.72733503094,1312.03953552013,1361.39396587374,1457.83221179626,1460.18898613914,1411.12684746796,1318.40268167953,1395.23945184461,1496.38048970156,1352.17204191532,1290.32538667383,1835.44394078496,1760.62635668777,1705.75808460999,2142.62330526788
GDP per capita (current US$),NY.GDP.PCAP.CD,Honduras,HND,1304.70039153826,1425.84780051892,1577.73789197407,1732.49062702803,1781.15703614674,1893.32722662035,2073.66121088074,2126.03474686503,2081.12843527945,2179.88171977271,2271.20265980349,2307.34468351082,2413.0076562942,2464.64241531918,2502.32744328073,2307.61494319511,2735.14751503977,3003.28996826399,3227.45762509776,3426.43483328923
GDP per capita (current US$),NY.GDP.PCAP.CD,"Hong Kong SAR, China",HKG,26649.637724155,28224.0951563146,30593.9511738646,31515.5292103443,30697.5383861641,32550.136489179,35142.4879344543,36730.796195815,38403.7777145477,40315.3739510191,42432.1619740441,43734.1980702999,46160.429791493,48537.5668888343,48359.0011950597,46109.2299946609,49770.5642374739,48825.8441873536,50565.4647717265,54107.034521746
GDP per capita (current US$),NY.GDP.PCAP.CD,Hungary,HUN,11212.2046968994,11478.4891640501,13934.605460375,15762.6322515113,13051.1831777184,13189.8433874768,14211.460557822,12950.1594488143,13739.4620151401,14352.501883174,12782.9412577973,13215.8605277789,14736.1668157258,16605.0570511887,17012.8598553199,16386.9308821258,19030.628130329,18483.6366867035,22312.1790289763,23310.7512733957
GDP per capita (current US$),NY.GDP.PCAP.CD,Iceland,ISL,56794.8501588953,57492.9342498703,69495.7267376825,56943.3704468563,41301.273219718,43237.0729488958,47714.5922308485,45995.5478789467,49804.9829978371,54576.7448146565,52951.6815110898,61987.9263620283,72010.1490316258,74452.1890731447,68452.23622306,59023.5663465778,69178.4046960961,75121.0152280628,79960.0961535662,82703.8579937471
GDP per capita (current US$),NY.GDP.PCAP.CD,India,IND,710.488080408949,801.668353659022,1021.88707706826,992.519584923828,1094.94974598436,1347.51939071367,1445.46127486037,1429.32199520032,1432.84397512195,1553.88396075118,1583.99815907985,1707.50892912243,1950.10468280866,1966.25455171679,2041.42863698585,1907.04251637669,2239.61384367482,2347.44829434623,2530.12031278204,2696.66389984463
GDP per capita (current US$),NY.GDP.PCAP.CD,Indonesia,IDN,1238.21447629488,1558.31562847163,1823.21976255073,2124.55483920618,2218.48541852977,3065.68348377765,3579.46442466152,3632.27254030331,3566.60284506078,3441.06808464008,3288.22269725538,3521.46943457574,3798.88326174526,3860.95353090726,4106.94856160358,3853.70288774146,4287.17313995098,4730.83484836107,4876.30774512252,4925.43048751861
GDP per capita (current US$),NY.GDP.PCAP.CD,"Iran, Islamic Rep.",IRN,3132.05081925856,3618.9160136791,4687.99166265915,5377.41150725587,5415.52280554144,6291.19443652344,8025.68743364356,8114.08099831877,6222.74194840326,5672.06372896319,4952.73355532178,5477.03712389913,5753.11544659399,4631.78709016514,3831.27894763337,2988.78122414716,4334.79268631354,4405.09291519791,4465.63766853306,4771.40029026226
GDP per capita (current US$),NY.GDP.PCAP.CD,Iraq,IRQ,1762.39360423421,2276.55435744086,3128.99010329066,4542.96609046032,3714.71205987194,4461.75196161555,5775.54229080293,6477.59618450955,6650.35282247395,6249.39226978969,4440.14189252367,4334.42096404188,4759.2846435467,5646.68932074742,5671.8568632942,4295.18945121228,4868.49431080783,6520.73154560584,5965.31835077761,6073.61032342708
GDP per capita (current US$),NY.GDP.PCAP.CD,Ireland,IRL,50933.0216095589,54329.1618599624,61396.417461176,61353.1065629523,52133.0909237885,48679.4026820361,52692.7813135606,49411.7387476787,52619.2123745817,57278.2590911107,64311.8234684057,64192.9418053178,72198.1076995377,80738.9628834696,81810.1926481407,86622.5067251295,103961.976350649,105234.511567597,103887.800388081,107316.337306921
GDP per capita (current US$),NY.GDP.PCAP.CD,Isle of Man,IMN,38135.8597885858,42627.5089352891,55040.2437046236,72276.7741329461,66156.105656847,70587.3140283741,77808.8579649376,79329.2034347434,83207.6588430451,91885.4528718026,84753.5187422732,82025.9454509241,83481.3038489014,89393.8244248812,87127.5517977404,79513.5330346598,94299.969348965,88328.548125887,..,..
GDP per capita (current US$),NY.GDP.PCAP.CD,Israel,ISR,21286.8388636595,22527.2619795719,25721.2594077311,30269.217773489,28508.4938886475,31439.0887027614,34522.5215979073,33321.4300881602,37034.3161080785,38343.3046626235,36213.1041481958,37671.5389138798,41138.470964272,42362.6652754196,44250.6313628073,44575.5719045492,52270.9040241956,54949.621556429,52003.7200729997,54176.6844383302
GDP per capita (current US$),NY.GDP.PCAP.CD,Italy,ITA,32062.723833669,33537.1286994269,37826.1754554823,40828.5795580937,37099.6133958219,35856.8625485539,38432.3742820019,34854.3949441965,35701.6746002376,36028.3494022349,30639.8829751432,31391.5692898108,32844.115660604,34904.1081923834,33812.788724868,32091.4866621366,36852.5425414951,35653.9042103495,39065.4244365633,40226.0472416173
GDP per capita (current US$),NY.GDP.PCAP.CD,Jamaica,JAM,4184.43974867497,4417.00127135363,4716.48612542727,5029.80095281745,4428.38153333557,4809.977380312,5232.63644918132,5340.83333232158,5124.21301411137,4975.11325459872,5062.8955502426,5009.79448724295,5259.31332766957,5578.10347525832,5607.24299266608,4879.44025773374,5165.33782130331,6022.15339791763,6839.72502408181,7019.74634780454
GDP per capita (current US$),NY.GDP.PCAP.CD,Japan,JPN,37812.8950199948,35991.546002862,35779.0245416427,39876.3039685725,41308.9968370512,44968.1562349739,48760.0789494211,49145.2804308193,40898.6478964744,38475.3952461838,34960.6393843385,39375.4731620781,38834.0529341227,39751.1330982711,40415.9567649547,40028.7341726762,40094.5599795288,34065.6438962526,33836.1756271617,32475.8924992191
GDP per capita (current US$),NY.GDP.PCAP.CD,Jordan,JOR,2087.87079273635,2342.63459574933,2506.20599484139,3241.6524135556,3435.8337590698,3718.46571622945,3946.85503855525,4169.50470054618,4311.21916713038,4191.18050084986,4042.75678097555,3986.71677010853,4065.61628749384,4145.43989673265,4170.1144003465,4022.0401356135,4183.49998326866,4332.25159897931,4466.08314208575,4618.09592498567
GDP per capita (current US$),NY.GDP.PCAP.CD,Kazakhstan,KAZ,3577.35804001782,5030.13494711519,6449.43931096532,8123.54705891736,6938.01175663001,8793.07589980782,11287.1464926039,12018.7966527993,13478.459627612,12427.7094576939,10196.1226255982,7475.56688689424,8943.08416791984,9472.48527327758,9457.12614657136,8781.50797787648,9983.60103576902,11255.3396437881,12879.4275257974,14005.3487362345
GDP per capita (current US$),NY.GDP.PCAP.CD,Kenya,KEN,523.456312433863,699.80237063381,840.201439476765,915.54435473604,1047.9678324485,1091.51873101194,1096.14499807675,1285.00536171512,1370.87885214659,1482.81566253497,1489.11959777284,1554.12610314423,1667.48447230835,1836.45275528993,1960.40808854893,1927.66459027849,2061.35622089594,2109.56288513137,1952.30457929636,2206.1349785176
GDP per capita (current US$),NY.GDP.PCAP.CD,Kiribati,KIR,1161.78341739977,1123.19258990684,1352.57814048911,1410.62246914058,1316.62753853678,1522.10068744154,1771.12926848792,1843.55336349889,1772.08718317132,1736.70535682101,1639.85274740652,1742.66799324117,1853.05122713319,1912.73809378187,1750.9977188915,1751.7823197053,2222.04829512346,2069.76720110559,2177.70114080416,2288.63458265531
GDP per capita (current US$),NY.GDP.PCAP.CD,"Korea, Dem. People's Rep.",PRK,..,..,..,..,..,..,..,..,..,..,..,..,..,..,..,..,..,..,..,..
GDP per capita (current US$),NY.GDP.PCAP.CD,"Korea, Rep.",KOR,19402.5026259549,21743.4774514254,24086.4104391677,21350.427979823,19143.8516053025,23079.2601257735,25097.595426845,25459.1689000965,27179.5170146052,29252.9312377352,28737.4391706499,29280.4403170048,31600.7358741365,33447.1562836166,31902.4169048194,31721.2989141857,35125.5224984723,32394.6833725203,33121.3712885508,..
GDP per capita (current US$),NY.GDP.PCAP.CD,Kosovo,XKX,..,..,..,2877.39331402724,2794.86699473069,2987.54519574464,3538.94759838576,3410.65550749316,3704.55872781672,3902.49424360946,3520.62850699375,3759.44959067104,4009.31799347588,4384.18624084947,4415.99716107514,4310.89065548799,5270.42965289833,5290.94747224687,6221.20365212094,7299.43498083118
GDP per capita (current US$),NY.GDP.PCAP.CD,Kuwait,KWT,36122.6142741227,42946.6374104066,45709.4132876371,55585.1889344442,37907.1001320042,39212.2522190461,49169.6063983139,52155.2225460479,49651.0439709448,44368.781373043,29882.2126867068,27323.6890643847,29047.6535822842,32067.9623689512,31707.8737464917,25236.0755520534,34018.6342879647,39981.7690981957,34075.8490439847,32213.8622292316
GDP per capita (current US$),NY.GDP.PCAP.CD,Kyrgyz Republic,KGZ,476.548193640077,543.113512472219,721.771577544361,966.388569370494,870.198894546917,876.954476440354,1117.40174350185,1168.62244675446,1269.66303464348,1264.52668823891,1105.65193844261,1103.27489428412,1221.39046807082,1283.5203037417,1421.99927504102,1229.51766602907,1349.99730650542,1739.72018344174,2138.22210211478,2419.26553574523
GDP per capita (current US$),NY.GDP.PCAP.CD,Lao PDR,LAO,466.061506997741,579.391947440719,697.323013673925,885.747376088762,935.03237283283,1125.91610151261,1361.54704394913,1563.5650771337,1812.51774424651,1981.03910900473,2121.01339097363,2303.22156035363,2432.43059478511,2545.1075420815,2589.32081035237,2583.77730696131,2526.05105018529,2046.40440255621,2066.94979776957,2123.97909411797
GDP per capita (current US$),NY.GDP.PCAP.CD,Latvia,LVA,7283.78738127622,9211.7374468148,13370.9789452508,15677.6080864506,11996.0322729773,11188.4191700977,12902.574053337,13329.3499931271,14484.4715282132,15185.814581236,13321.9753140616,13838.5266823272,15132.4958333982,17252.1710428626,17294.9751600969,17564.2321549354,20261.8887788916,20227.2307431581,22675.5786295407,23367.5986788961
GDP per capita (current US$),NY.GDP.PCAP.CD,Lebanon,LBN,4602.19804637945,4635.2514117486,5125.25809960149,5912.04532820842,7090.85493856621,7625.81051551165,7834.96257108993,8406.98405608118,8162.37929361396,7577.6413302369,7714.1099998804,8089.012088155,8608.21084982387,9174.53666204759,8905.88005497437,5561.19166950397,4045.37391066234,3654.35845534878,3477.72489842684,..
GDP per capita (current US$),NY.GDP.PCAP.CD,Lesotho,LSO,861.381496414995,925.467485502842,861.188420899563,898.482517882593,878.847950537772,1119.47557793042,1280.73390931581,1217.93071228944,1151.03735837227,1173.5377928819,1121.19851342518,992.491840678465,1069.36673247542,1170.65569702819,1082.05706777516,918.582577421982,1066.58643600093,1030.12579628833,916.282970463888,971.814620468788
GDP per capita (current US$),NY.GDP.PCAP.CD,Liberia,LBR,287.487333441381,320.55808618515,374.211308104278,451.713856283285,448.386367025545,492.252808033724,568.087865520004,638.368751462083,710.744570927863,706.714490064507,692.590082351257,714.613063145659,699.269095727404,692.203127129794,658.164180770507,616.787867006715,667.96610514319,744.617175237387,799.194470229642,846.277368387389
GDP per capita (current US$),NY.GDP.PCAP.CD,Libya,LBY,8079.24957329001,10048.8480434289,11144.9448413435,13906.1407818125,9551.05403869755,11600.9068649472,7593.8391525702,14975.8902795144,11951.7134126011,8926.42074591474,7458.48917756374,7525.80299308216,9965.83236729757,11196.5854810844,9963.19489084483,6650.33810585348,4935.82787349801,5986.63694851258,6172.81246940233,6318.40314031017
GDP per capita (current US$),NY.GDP.PCAP.CD,Liechtenstein,LIE,105295.057027611,114167.939211301,130492.595349517,143249.227302093,126024.714567466,141089.812849014,158066.369379163,148842.035144342,172823.607794648,178735.153020908,167187.15730982,165375.491396259,170547.092298954,174988.775083446,166907.839305016,164671.093553454,201944.830335076,186821.881757157,207973.617746758,..
GDP per capita (current US$),NY.GDP.PCAP.CD,Lithuania,LTU,7857.03148786492,9210.10118229413,12295.1212779366,14955.5345462921,11854.3711053096,11829.122609457,14261.8433787325,14288.1853493139,15636.5252586048,16446.1647181663,14269.8039878287,14934.2702840428,16800.1510246099,19247.2315367967,19608.7943945553,20428.6478157394,23870.4594851722,25085.784063499,27786.0057829276,29386.2878350187
GDP per capita (current US$),NY.GDP.PCAP.CD,Luxembourg,LUX,80988.1376230858,90788.8004876145,107475.320297978,120422.137934157,109419.746953106,110885.991378721,119025.057203467,112584.676270958,120000.140729859,123678.702143275,105462.012584423,106899.293549552,110193.213797228,116926.759593905,112696.649059674,116860.02817236,134965.815442152,123719.658915996,131407.681364513,137516.587324367
GDP per capita (current US$),NY.GDP.PCAP.CD,"Macao SAR, China",MAC,25681.2167315221,29813.7877167933,35400.2334659409,38888.5118044503,40351.0035623363,52591.8035225196,67041.2823092952,76051.6312325843,87069.767003344,88310.8119567344,70070.2918001631,69074.0363049212,77704.9215312666,83761.8171798142,81967.699172769,36976.2561071429,45376.314586156,36909.9564090312,67476.5290813306,73046.8890267079
GDP per capita (current US$),NY.GDP.PCAP.CD,North Macedonia,MKD,3120.98401394233,3440.4411057968,4204.11328760452,5026.4202989873,4799.78722768888,4833.36586759968,5416.86672931659,5049.8265386157,5626.26115664893,5925.38592218015,5262.68671928674,5598.48622617967,5955.2973863451,6713.98925398989,6718.85826635458,6659.59651070776,7620.80296977508,7606.2375253797,8624.28400232117,9310.02790015256
GDP per capita (current US$),NY.GDP.PCAP.CD,Madagascar,MDG,305.812074924388,324.146874882604,419.548001431865,512.579800058444,446.315238370592,450.009391645726,506.163691559309,493.511162904211,515.301589361832,505.684922503435,445.320069480568,453.970714522463,491.866848718929,500.45718552916,499.818837622534,450.771615201509,483.469463351371,503.514533472879,508.718427705736,544.997302693127
GDP per capita (current US$),NY.GDP.PCAP.CD,Malawi,MWI,414.361121984475,440.822149023873,475.180261659331,554.048820396119,625.869729869625,683.124694716799,763.061000394572,558.46208832772,496.947368267313,529.5133440206,539.605363240686,450.506105510719,495.769683367165,533.203173686705,580.889816066776,602.507478176106,617.447520802454,604.269751184515,602.343619809252,508.371273531708
GDP per capita (current US$),NY.GDP.PCAP.CD,Malaysia,MYS,5555.58179951206,6158.40785533236,7168.93031942508,8371.82156086005,7191.43287234626,8899.34505544675,10217.1068585031,10600.5744240026,10713.6407638899,11013.3107334403,9648.6797937523,9476.53409809923,9862.54806612235,10901.8019954421,10920.191763972,9957.52626697613,10903.1116425938,11748.0919307944,11379.0851923557,11867.2586435443
GDP per capita (current US$),NY.GDP.PCAP.CD,Maldives,MDV,3796.51546524644,5018.94335409159,5758.10286933053,6757.43280929292,6734.03165601895,7173.59601844692,7424.520410971,7461.29703686309,8236.08177944126,8939.07416571472,9644.90655028145,9947.80744731739,10509.628805812,11423.2838427029,11740.2724029785,7393.8886543933,10176.143882547,11786.0091545343,12530.3602359683,13215.5353637008
GDP per capita (current US$),NY.GDP.PCAP.CD,Mali,MLI,591.630393473705,633.221946737432,711.675463215078,820.715705601841,815.78868795173,827.617660082715,941.574944706639,878.217175344858,903.190452512378,940.243260037952,838.11986940103,872.468587171653,924.057531692284,996.379292136901,971.949318638092,953.242943290974,1027.27345365357,969.72220560562,1035.86242628411,1086.1762176779
GDP per capita (current US$),NY.GDP.PCAP.CD,Malta,MLT,15831.3439802756,16653.6038312389,19444.1743635565,22315.3104812611,21176.3216665018,21946.6070188242,23516.9691282762,22878.3131257656,25415.5566806942,27424.5765369278,25529.6813131565,26459.0772054811,30317.2443357939,33382.2677502638,32421.9179753188,31833.596382464,38065.354346575,36224.2819955817,40182.4313854634,42347.3073860173
GDP per capita (current US$),NY.GDP.PCAP.CD,Marshall Islands,MHL,2658.65217893885,2754.26988767503,2892.28403958874,2817.60522775322,2906.63026970914,3095.45768964722,3319.39815439151,3514.26515490383,3677.90690791421,3735.23977829545,3764.34426229508,4229.80988911945,4592.83457628576,4858.12079054875,5292.33985502306,5661.96787336674,6258.61193705127,6322.82855503156,6678.34239060448,7466.65186507409
GDP per capita (current US$),NY.GDP.PCAP.CD,Mauritania,MRT,998.96583416747,1300.60367988659,1405.15016203368,1635.5630623124,1435.43010811893,1659.96369705455,1931.19975525465,1859.11733247641,1934.24103064714,1713.00865264234,1554.94897871782,1565.76575722696,1615.00401327323,1722.93528854073,1767.072710621,1795.76459566714,1947.78918383313,1960.35240077424,2120.82318421747,2082.78374423714
GDP per capita (current US$),NY.GDP.PCAP.CD,Mauritius,MUS,5354.02974260642,5695.97525509869,6574.6635764099,8030.05228087539,7318.12640972422,8000.37643182154,9197.04299089459,9291.23627601053,9764.64413060045,10366.3550754936,9507.87133656424,9965.72531085228,10841.6847754844,11643.4605962124,11403.2527870674,9011.04288445023,9068.97300226707,10223.7882316574,11182.186568616,11871.733679438
GDP per capita (current US$),NY.GDP.PCAP.CD,Mexico,MEX,8671.75891885163,9512.63575346699,10134.3327129706,10523.7685427665,8423.56933214711,9728.80078237782,10664.4944046282,10744.1335229686,11216.800851866,11391.3773510244,10021.2386124039,9097.92397674769,9649.27816772402,10084.7937553679,10369.5553585271,8841.2707511328,10314.0506725979,11402.1410374782,13826.1306570122,14157.9445835849
GDP per capita (current US$),NY.GDP.PCAP.CD,"Micronesia, Fed. Sts.",FSM,2246.45370337127,2289.75155559971,2336.97852202403,2415.59355952119,2596.26147447595,2761.24325832248,2890.50493045368,3033.16989526369,2933.88333441237,2945.41495996162,2911.16211045292,2979.60119184048,3279.10779039285,3566.58690371125,3572.65918282222,3362.02793142215,3508.22356270221,3710.12448453257,3941.37247887414,4166.00476748564
GDP per capita (current US$),NY.GDP.PCAP.CD,Moldova,MDA,1034.39197746993,1183.02481442894,1531.21618590748,2110.55305353857,1898.43975710988,2436.79935102421,2941.36224066021,3044.8084324815,3321.04397795719,3289.95758568777,2749.55137054338,2847.08794770479,3453.26727720294,4156.44981956646,4405.33418162155,4375.7788930524,5274.60582195352,5744.29618434435,6799.58594644576,7617.51613089815
GDP per capita (current US$),NY.GDP.PCAP.CD,Monaco,MCO,130538.742587117,143083.461107202,184558.556593338,204263.797114294,169150.267344616,161853.920622244,179363.984221513,165444.651378771,184940.663804718,195693.570738894,170437.101188261,173604.753555915,170663.375247872,188298.315668437,193746.785647412,176891.886538492,223823.363960226,226052.001905201,256580.515122745,..
GDP per capita (current US$),NY.GDP.PCAP.CD,Mongolia,MNG,994.90010913241,1329.89179579053,1627.68787743359,2127.42678594737,1703.32756790019,2625.21881402433,3736.04201455077,4328.89001905655,4340.14310544449,4126.23975800524,3838.92126989984,3619.90026383792,3645.96708669551,4107.64288528468,4347.54610314873,4001.25193077703,4517.61578018785,4993.51487463495,5838.63108083902,6691.48209834228
GDP per capita (current US$),NY.GDP.PCAP.CD,Montenegro,MNE,3674.6179242797,4425.67887307803,5976.39414454596,7367.75190910882,6727.10776676969,6688.40259641346,7325.64689244715,6577.74033229273,7172.92908521143,7364.96590101549,6491.19280618646,6999.1358134109,7758.36921956034,8790.88152116679,8842.48528706869,7612.62845881291,9377.48879714989,9990.20444616996,12077.3747094687,12935.4522712126
GDP per capita (current US$),NY.GDP.PCAP.CD,Morocco,MAR,2242.98828125,2438.12646484375,2755.5859375,3183.20043945313,3119.58862304688,3067.9853515625,3301.98876953125,3164.17724609375,3379.7431640625,3435.40698242188,3146.24780273438,3140.85546875,3296.52661132813,3501.69799804688,3508.09765625,3268.0302734375,3785.93627929688,3455.39624023438,3771.4462890625,3993.38745117188
GDP per capita (current US$),NY.GDP.PCAP.CD,Mozambique,MOZ,436.773856167384,457.487647833183,507.874923914304,592.159111184122,547.697144193651,496.185839392659,618.17649286789,685.685748199513,686.505672517351,697.142680444123,610.563774706589,441.489734819071,470.93856305196,517.507260258101,519.09255091362,462.433876479921,509.907829475551,578.251663751351,622.985619320596,647.28579950207
GDP per capita (current US$),NY.GDP.PCAP.CD,Myanmar,MMR,252.685193060728,303.495087119254,419.375780725042,658.442487229705,758.442935789255,1010.53417343401,1213.62898703376,1202.6658960055,1199.09561597055,1293.00042298688,1166.73305546337,1229.19713515893,1272.82241830603,1298.21310320785,1425.98954211903,1490.21683548367,1242.72134419599,1158.05005034332,1233.19666209269,1359.25961394135
GDP per capita (current US$),NY.GDP.PCAP.CD,Namibia,NAM,3685.77299991587,4017.1834716928,4379.04313682732,4204.78555422749,4302.91374148376,5418.21633365814,5834.7917675794,5942.64680978673,5346.62131149967,5378.32326241205,4774.10650865775,4395.68776162376,5143.96072323076,5308.60813408705,4731.9210318831,3878.58982993966,4412.8355693052,4349.79908493314,4187.60500350786,4413.1274418646
GDP per capita (current US$),NY.GDP.PCAP.CD,Nauru,NRU,3013.51778151855,2908.47386033322,2302.25782991175,3715.14889936257,4395.46425210914,4723.91708258679,6480.90451339597,9817.36872216004,8974.51886874433,9193.09784447237,7703.43149943923,8724.30700255019,9613.41209082575,11408.6947593898,10776.8284610316,10695.6993301601,14989.6647450751,12896.4341046481,12754.1867566585,13421.8330584638
GDP per capita (current US$),NY.GDP.PCAP.CD,Nepal,NPL,309.024168339372,340.431796437968,385.449767660642,464.817391891529,473.078751198621,585.278491984574,785.518656222132,788.202937148377,803.269595420477,821.455224911731,875.543635474862,877.256454696737,1034.28374906846,1179.19843190389,1203.14294706401,1154.21517578318,1252.75076731986,1385.91066274851,1382.33055769304,1447.31004458428
GDP per capita (current US$),NY.GDP.PCAP.CD,Netherlands,NLD,42165.396168388,45123.5432406426,52100.7996285947,58246.7026905874,53172.0261581418,51305.7338533973,54701.7728030611,50473.9442002689,52602.2860520766,53457.2234864322,45793.8135434697,46808.5291492503,49513.6817346384,53955.0770024266,53554.9007491475,53467.9277413737,60141.9880911492,59123.318556487,64572.0059558854,68218.7261019406
GDP per capita (current US$),NY.GDP.PCAP.CD,New Caledonia,NCL,25528.2918353444,28193.2537573387,35177.6535261448,35723.9033194947,33836.494080472,35798.9084757829,38835.9401851385,35559.5672006157,36671.1566752621,37816.9558599295,30858.7237060533,30782.8544433514,32354.7102832901,34902.8968780031,33411.3358835672,33270.330597637,35311.5543551452,33516.363085906,..,..
GDP per capita (current US$),NY.GDP.PCAP.CD,New Zealand,NZL,27751.0654708859,26654.5932018985,32479.9817381467,31324.7397977102,28276.7255416225,33761.9009639947,38431.7766788499,40053.6991536369,43000.4646849189,44618.266973847,38665.3723018158,40113.7195382428,42950.3841711138,43257.0769238879,42779.2298164101,41850.92032802,49689.498134519,48760.0381935936,48654.904227478,48747.0136853042
GDP per capita (current US$),NY.GDP.PCAP.CD,Nicaragua,NIC,1183.30214010175,1248.17371577788,1350.38145753377,1523.68437086409,1467.08288052845,1526.56706951408,1679.71192084633,1784.69836017555,1835.43996363715,1958.37047579547,2074.45620634731,2131.68704828322,2182.61380995674,2035.16549390507,1958.62051528095,1938.44704754382,2138.38588469449,2322.89053964583,2609.44492072931,2847.53966339498
GDP per capita (current US$),NY.GDP.PCAP.CD,Niger,NER,318.643121918273,333.345078419447,387.168065883301,475.044955398162,461.131533961487,474.425692340831,510.75956176268,528.510104469655,552.103334363117,565.30989731175,485.662574175279,502.706475406446,521.804130023434,578.568035680892,561.691304349698,579.512495758236,608.722439593808,609.745147661683,638.336080723299,722.748650326257
GDP per capita (current US$),NY.GDP.PCAP.CD,Nigeria,NGA,1211.37703504386,1599.53891556365,1815.52697545827,2154.10543545364,1820.48633854782,2202.25672957344,2418.41316975875,2633.19734671361,2872.79083379398,3088.72131316169,2585.73360671797,2070.4127339595,1876.34027111773,2057.87944554011,2265.15520863056,2019.65706326224,2017.27486481527,2139.37478476974,1596.63696129001,806.945695055244
GDP per capita (current US$),NY.GDP.PCAP.CD,Northern Mariana Islands,MNP,17015.7487891715,16314.5578590027,15914.2193040498,16430.4461942257,14369.6339810212,14771.4037455399,13598.7166094613,14013.6003306158,14632.8518897608,15945.417608954,17665.1007493109,24225.474169342,31225.6049960968,26509.3628379893,24496.6652122421,18220.8382427201,19455.50139424,23785.754590043,..,..
GDP per capita (current US$),NY.GDP.PCAP.CD,Norway,NOR,67047.1704558264,74434.4996835671,85502.2677087731,97503.5407803783,80347.5700665184,88163.2085931423,101221.813476644,102175.919298374,103553.840134417,97666.6951838749,74809.9658049898,70867.3609970749,76131.8384032764,82792.8427113304,76430.5889473338,68340.0181033702,93072.8925119571,109269.520580298,87497.3289297342,86809.7246897431
GDP per capita (current US$),NY.GDP.PCAP.CD,Oman,OMN,14434.8577924647,16930.8565071853,18792.653772482,26576.779241509,20655.9180249218,23570.1798147325,25188.0074151885,24642.2978768596,23458.0233840053,23160.6502252547,18808.3077921839,17110.1897460545,17820.0661809335,19901.7615642016,19180.1864152801,16784.8630630058,19403.4600160211,23223.5829405935,20972.4830886637,20248.4168124608
GDP per capita (current US$),NY.GDP.PCAP.CD,Pakistan,PAK,827.619861189926,900.873564984808,998.090114197524,1067.04324565284,963.788066395225,987.304571124485,1131.73513834324,1204.36475491585,1225.4340119198,1266.61340849959,1380.47020838317,1424.69161195897,1519.23459514248,1569.33814626355,1390.41690981745,1278.39735206896,1455.31922370186,1538.3228133171,1365.16927410976,1484.74985864775
GDP per capita (current US$),NY.GDP.PCAP.CD,Palau,PLW,9639.65891316414,9885.14775685194,10408.4343591338,10582.739754853,10155.4332139612,10229.0878451837,11000.879522071,12145.3644807205,12768.9086582049,13726.0231442281,15690.759707372,16762.5723436534,16034.1342914889,16197.7265072415,15841.1956399595,14556.5872302158,13257.2063206433,14392.2011374514,15899.4246065324,..
GDP per capita (current US$),NY.GDP.PCAP.CD,Panama,PAN,5017.7410922824,5528.76705469354,6317.81730274124,7347.59050324397,7796.92617035048,8331.46421351868,9662.29592216607,11064.8063606203,12273.3225037637,13213.1989637473,14082.6548502728,14832.3611608191,15694.6297454295,16151.3273478476,16477.9066285687,13290.5608347594,15509.8069109784,17332.4360742988,18686.4050961265,19102.8521936399
GDP per capita (current US$),NY.GDP.PCAP.CD,Papua New Guinea,PNG,744.486489977433,1238.18282926706,1370.753415829,1624.79319935188,1568.83193368607,1866.86889851208,2288.37591141234,2635.0873631547,2560.77458976327,2723.17529825196,2484.5963398603,2316.39479758492,2477.76530986323,2566.36833735041,2575.77274140393,2429.61134585269,2607.57861874444,3102.28968594061,2966.06830432055,3076.48786186584
GDP per capita (current US$),NY.GDP.PCAP.CD,Paraguay,PRY,1970.87169852378,2439.43124694576,3211.93621659546,4384.9546943793,3941.84815479271,4750.96273669322,5805.40154543044,5642.1699167298,6435.68342733182,6652.25478942291,5879.33792308671,5775.1596339946,6152.26711537703,6258.44991640954,5821.18199548637,5365.47220721191,5976.9317978996,6205.6259537937,6299.99026533643,6416.09709002917
GDP per capita (current US$),NY.GDP.PCAP.CD,Peru,PER,2706.66947297608,3129.55996496982,3581.0893081917,4197.58444634142,4181.18755462253,5072.11494019615,5861.35793645245,6519.37852981527,6746.80025696601,6667.13410360861,6231.71150338894,6217.03599995447,6736.16693725487,6978.49121548627,7037.00803692604,6133.32552410183,6826.20255614477,7350.63034300417,7887.54185920108,8452.37167047598
GDP per capita (current US$),NY.GDP.PCAP.CD,Philippines,PHL,1220.46018559867,1426.14649179546,1712.65543282793,1959.29233534978,1864.45043406471,2162.91375885614,2383.91892522087,2614.61644401308,2781.27957677397,2866.83803761407,2909.85818010301,2985.19564024046,3038.12124959289,3168.51036609727,3400.78949767074,3227.57910235199,3484.38593882819,3548.06930572116,3804.08274131097,3984.8315387656
GDP per capita (current US$),NY.GDP.PCAP.CD,Poland,POL,8043.92332253757,9068.85528307627,11272.5293683383,14048.5604672654,11556.3026866026,12567.7317676382,13867.6669408192,13087.420943321,13621.9023794031,14262.2841914116,12637.5220324406,12464.0121044827,13913.3415190124,15658.210586693,15874.5220531254,16150.9291009726,18635.5088812509,18891.213529396,22145.2643088909,25022.6716445953
GDP per capita (current US$),NY.GDP.PCAP.CD,Portugal,PRT,18780.12751241,19839.4540499032,22811.0564844365,24949.0413566739,23151.2154130712,22551.935098809,23246.5425416481,20593.4274224109,21676.4859642714,22120.6850127107,19215.7813014347,19980.2808866516,21442.3842768879,23541.1401075289,23343.3628970034,22299.4044062173,24711.4510062111,24620.519556875,27386.2920595024,28844.4979246799
GDP per capita (current US$),NY.GDP.PCAP.CD,Puerto Rico (US),PRI,21959.322696986,22935.9411586313,23664.8823485096,24898.3345857045,25768.7258883384,26414.8810634548,27170.0766543278,27742.024476618,28212.0499737431,28576.0988023209,29242.041465085,29978.0889268918,30328.4871132804,30679.9181934488,31830.5284993358,31427.1130762831,32619.0704601174,35353.6821570014,36948.4036416846,39285.0174585856
GDP per capita (current US$),NY.GDP.PCAP.CD,Qatar,QAT,53949.6764091147,62582.4453138755,65954.3419525051,80781.4039187792,60785.7351551657,77387.3267885308,103261.506539346,108470.378825036,103697.008372373,95840.6310094498,68985.2946961507,61253.6375482797,63279.8556949332,71039.8490579352,66841.3013484919,51683.5054376677,71751.8831257169,88701.463352273,80195.8746508549,76275.9076782833
GDP per capita (current US$),NY.GDP.PCAP.CD,Romania,ROU,4618.00350802913,5757.53127301178,8360.33775916596,10435.1561230787,8548.4543409242,8399.5374234284,9560.6755277458,8929.95366231474,9497.67411615237,10031.7710755404,8977.01748158196,9404.54005870715,10727.9822007426,12502.2624061935,12992.0326104674,13082.3006559554,14986.7854904274,15557.8826247584,18404.2730871704,20072.4079244042
GDP per capita (current US$),NY.GDP.PCAP.CD,Russian Federation,RUS,5323.455078125,6920.19970703125,9101.2392578125,11635.2841796875,8562.82421875,10674.990234375,14305.33203125,15401.8515625,15941.4482421875,14055.47265625,9277.7138671875,8663.158203125,10658.9130859375,11211.8876953125,11447.701171875,10108.3271484375,12425.029296875,15619.6142578125,14159.3876953125,14889.0185546875
GDP per capita (current US$),NY.GDP.PCAP.CD,Rwanda,RWA,324.016863847189,356.995022901154,426.234183487629,528.326391755502,564.039095842449,593.624927744346,651.133677964662,706.8172686891,704.92421796616,724.957526109262,733.998630392314,729.519134044611,758.300966737624,771.773511057901,810.051412137354,778.701498787411,829.544845639777,975.469323979541,1027.03446804432,999.654561402699
GDP per capita (current US$),NY.GDP.PCAP.CD,Samoa,WSM,2550.04221437511,2663.29135939532,3038.61904093377,3373.60639884263,3279.18269477295,3524.2479246203,3821.50678264479,3934.60320799981,4023.5254013825,3982.68080202084,4084.36083819933,4147.07097674888,4307.59381964907,4231.81409469194,4351.94234943706,4099.6600907147,3947.64517905415,3869.46639492144,4330.17840531329,4898.77140817676
GDP per capita (current US$),NY.GDP.PCAP.CD,San Marino,SMR,59877.8005839737,63270.7780755157,70124.4634385624,75902.1320521765,62428.9943269418,56543.1898204098,55601.3929703047,47945.8991734281,50807.8289138024,51260.4938347125,43146.8240435428,44359.4797662688,45192.0279766943,47950.6880557136,46627.0122356944,44426.6463400658,54168.9828262684,54264.570495898,..,..
GDP per capita (current US$),NY.GDP.PCAP.CD,Sao Tome and Principe,STP,844.169181884274,861.970707697664,878.885791918745,1081.8684584729,1128.28046213305,1045.20958234528,1219.80189089671,1210.79264672325,1382.5757842916,1489.67633417608,1298.10946596396,1434.87018050521,1555.79477812888,1825.59971753966,1935.2931816596,2167.22001796925,2362.58827248102,2389.73729784737,2940.93352926715,3244.82899741459
GDP per capita (current US$),NY.GDP.PCAP.CD,Saudi Arabia,SAU,15975.7473782258,17563.6145370639,18596.1502627898,22320.4888964331,17718.3911648365,22028.3901426586,27126.7498747702,28733.4375513452,27865.465604962,27805.4850319422,23256.1549553531,22267.7217050387,23929.2907135982,29360.0658968566,29566.7933827436,24338.8307301067,31920.7653655643,38510.2276211037,36156.848337701,35057.2252306969
GDP per capita (current US$),NY.GDP.PCAP.CD,Senegal,SEN,979.846101520171,1017.20196747987,1188.93877808175,1398.79218010021,1308.69404336205,1275.88357492357,1374.67591873844,1326.83798848379,1379.83196553924,1398.89137601382,1218.00613555438,1266.43957151587,1356.80518449031,1452.55612562445,1431.18128932159,1461.08720350553,1598.10676952274,1574.0281059306,1698.03387300843,1743.98888384359
GDP per capita (current US$),NY.GDP.PCAP.CD,Serbia,SRB,3807.97417321786,4492.7136699046,6081.08765700202,7376.73517910716,6414.0448463847,5970.92660940072,7082.2861666075,6263.04086072815,7040.41812068781,6886.67809068704,5820.3215576888,5982.37030126471,6548.03653824187,7559.86165747394,7755.632986437,8098.70955668849,9680.52798074468,10022.9688543402,12281.5058488303,13523.7246826854
GDP per capita (current US$),NY.GDP.PCAP.CD,Seychelles,SYC,11802.1118276833,12782.9938926475,12669.3026687222,11265.4376270005,9747.09180546291,10934.79494629,12110.0937461973,12337.1554669388,14821.2921476077,15188.1902175113,15333.1051727105,16566.9946042294,17480.3651911372,18440.2340460932,19141.5118743615,14041.4754074575,14982.9111487767,16836.6721895387,18262.7115849287,17858.8226383978
GDP per capita (current US$),NY.GDP.PCAP.CD,Sierra Leone,SLE,462.633324427945,580.26796974773,631.889926264998,705.359014080005,652.845806767943,685.039673490948,761.146365577281,937.504428180231,1117.47183075115,1117.7586465721,964.575980888989,844.416411175476,779.186007841728,845.914540460932,844.049555179116,845.982914284565,886.192939104469,860.774590932595,757.848680560444,873.388575182318
GDP per capita (current US$),NY.GDP.PCAP.CD,Singapore,SGP,29961.3172812732,33768.4528234651,39432.8860198877,40008.5720489092,38926.8054365453,47236.683084953,53891.4570264372,55547.5553077786,56967.4257940383,57564.8023114977,55645.6068614606,57005.5887176547,61236.251270627,66881.6067035265,65952.0378959293,61410.0792630788,80056.1288247844,90299.0694637269,85412.230345235,90674.066632628
GDP per capita (current US$),NY.GDP.PCAP.CD,Sint Maarten (Dutch part),SXM,..,..,..,..,25528.412619483,26403.8143692163,27317.5178881974,28149.0997855041,28529.7324687053,37134.912423099,37839.6283815163,37308.6147795736,34701.3058494468,31708.3110124742,34861.469528968,30150.8998380477,32548.4366854902,36476.6300833859,38077.5444869761,40027.9175992113
GDP per capita (current US$),NY.GDP.PCAP.CD,Slovak Republic,SVK,11641.5410321763,13167.8954730379,16110.4817265237,18744.3192278346,16586.7527805228,16899.448680529,18469.4354316836,17516.9691054078,18312.7805149823,18770.9289896545,16442.0760860018,16636.0769133073,17645.5298716761,19573.3717031314,19406.0589683582,19735.4858280801,22132.4483028948,21334.6011006572,24673.5482979144,26147.9028430133
GDP per capita (current US$),NY.GDP.PCAP.CD,Slovenia,SVN,17969.7095907161,19563.005059144,23725.1596001515,27461.9764165315,24501.7897290425,23329.8417691156,24940.6284841605,22442.1417859955,23236.9655321695,24013.0682060959,20697.2748530619,21447.8377796036,23303.077705959,25888.0481065655,25814.1687167572,25392.0651093612,29187.369382785,28373.8382265999,32610.110922729,34089.3527652778
GDP per capita (current US$),NY.GDP.PCAP.CD,Solomon Islands,SLB,1144.45758513252,1255.62589099975,1390.1569662696,1525.85092434029,1554.70723718073,1685.15499035363,1924.05277323978,2066.25352289833,2161.39573596215,2164.9442392168,2045.47889485251,2082.62989047871,2143.57465243959,2278.20633913383,2223.66502559565,2063.33101522108,1996.86976779348,2005.4139933198,2076.10768772563,2149.37957267304
GDP per capita (current US$),NY.GDP.PCAP.CD,"Somalia, Fed. Rep.",SOM,439.979907805478,457.996662206659,479.635628065289,507.03744334738,246.513251675105,219.202453852397,235.325945610434,350.261946720512,393.398703952979,429.431656725102,445.583080073396,460.928490585175,510.939952317726,509.525801898508,539.893931565407,518.184778494334,549.114742721701,573.128092472349,597.458854603043,636.983477589273
GDP per capita (current US$),NY.GDP.PCAP.CD,South Africa,ZAF,5836.87663325127,6077.38293388876,6591.85535960564,6184.75474328399,6374.70560042992,7973.47195771517,8646.05571071635,8076.97678479741,7331.65467384919,6856.73137092522,6112.27382485974,5651.20585165749,6618.33508255701,6914.1780318076,6533.71121032856,5580.60383075189,6843.39941886204,6523.41097815853,6022.54254192335,6253.37158194543
GDP per capita (current US$),NY.GDP.PCAP.CD,South Sudan,SSD,..,..,..,1654.21153546555,1323.22068747862,1498.27034985194,1448.98435006408,1109.26050083408,1650.18943353528,1242.73450181032,1080.14718624765,..,..,..,..,..,..,..,..,..
GDP per capita (current US$),NY.GDP.PCAP.CD,Spain,ESP,26450.9530130382,28421.686527407,32652.015594702,35603.248328071,32279.8208476151,30658.7422282912,31824.6219134777,28456.4438151477,29228.846559842,29707.765509467,25982.4416197775,26755.6061149398,28381.3425596906,30602.4212881113,29786.5245689007,27233.9426461608,30799.4775937775,30270.2687017458,33509.0127982139,35297.0094995565
GDP per capita (current US$),NY.GDP.PCAP.CD,Sri Lanka,LKA,1207.21994764165,1389.50625583936,1578.63451125392,1973.58476901287,2026.65939950702,2808.36779237408,3224.95736331928,3327.77612404326,3740.61589348326,3971.91913148166,4057.7158346231,4149.19190775593,4398.88828068715,4358.56095906047,4081.94772722003,3847.60137695639,3996.96240014909,3342.63650253855,3798.89016573011,4515.56787322732
GDP per capita (current US$),NY.GDP.PCAP.CD,St. Kitts and Nevis,KNA,11783.7867154145,13837.8495311219,14757.9579751035,16604.9448615905,16503.4119292794,16622.9457908577,17832.4572919975,17532.0559008608,18580.1301949935,20219.3954237956,20328.8003530109,21387.5415511103,22464.9899633959,22901.3816403197,23595.4923231291,18859.0190361046,18361.1449697886,20985.0112160159,22600.4502299468,22771.4168922033
GDP per capita (current US$),NY.GDP.PCAP.CD,St. Lucia,LCA,6863.43641919345,7611.17856675319,7964.38211480117,8516.96075488787,8250.52180732734,8673.68720340529,9128.99442011613,9260.30006551714,9577.21733754358,10044.8218377677,10334.9860823918,10638.1269396653,11333.1123822102,11642.6984727769,11794.0597229805,8411.07474936367,10459.1321248092,13103.8243147472,13554.7684784933,14181.6303351598
GDP per capita (current US$),NY.GDP.PCAP.CD,St. Martin (French part),MAF,..,..,..,..,..,..,20930.5850690939,..,..,20638.765189511,..,..,..,..,19033.0594854512,..,21668.3740927942,..,..,..
GDP per capita (current US$),NY.GDP.PCAP.CD,St. Vincent and the Grenadines,VCT,5157.39373878102,5744.8278621257,6398.19123532172,6598.90531450859,6463.78777336717,6551.96835992405,6527.68996854448,6713.80768643865,7072.46737188939,7168.82875342911,7353.73556054184,7656.90042881178,7988.04445019298,8428.12677153069,8740.59425232061,8351.20324040982,8641.27904024443,9693.55867833025,10582.3656725229,11501.2265187188
GDP per capita (current US$),NY.GDP.PCAP.CD,Sudan,SDN,905.543640136719,1132.474609375,1444.37219238281,1527.58239746094,1178.22180175781,1305.63598632813,1332.6572265625,1019.22210693359,1138.62780761719,1275.43835449219,1292.37963867188,1033.21594238281,966.505676269531,731.027465820313,709.975280761719,577.795227050781,712.122009277344,1046.24084472656,797.283447265625,989.312866210938
GDP per capita (current US$),NY.GDP.PCAP.CD,Suriname,SUR,3453.42865937765,5002.65798695759,5530.17615638309,6576.08546307249,7129.5768626291,7943.60482816915,7949.88867218383,8851.24050668908,9043.19281529222,9108.18905406764,8813.61705392067,5644.2061057532,6049.52128553675,6665.74180472239,6629.66775248603,4755.39221710693,5029.84838543953,6084.43876736445,5494.07409425517,7430.70219176443
GDP per capita (current US$),NY.GDP.PCAP.CD,Eswatini,SWZ,2945.36394872311,3035.06156119205,3180.86121498525,2999.82816920508,3239.7578007877,3992.95199562618,4312.34243414155,4347.99569336631,3951.12008139006,3771.90796458406,3420.75357067279,3239.80707501414,3853.99147918102,3973.46344933667,3913.12643969301,3454.784217446,3966.29863253832,3889.65276959161,3741.69010745416,3936.10969242371
GDP per capita (current US$),NY.GDP.PCAP.CD,Sweden,SWE,43378.6152117149,46531.6001120572,53568.5645523213,55817.4392710726,46707.8673215418,52542.8274141037,60379.7748160321,57749.8251328664,60844.2767113975,59583.7140001673,51197.9529341175,51820.3972482676,53300.8587281785,54181.9069780904,51773.0464558993,52653.7565934247,61174.9680215622,55296.9371472535,55567.0890080496,57723.2345031532
GDP per capita (current US$),NY.GDP.PCAP.CD,Switzerland,CHE,56242.8933645639,59011.0324592016,64989.1553256031,74175.1927898555,71568.3123885672,76531.3728182297,90476.7589651577,85836.2076767359,87304.3305813557,88724.9910735609,83806.4476003837,82153.0745447889,82254.3770471336,85217.3691512274,84121.9310304414,85897.7843338323,93664.7736696111,94394.5106803525,100631.802755125,103669.872008144
GDP per capita (current US$),NY.GDP.PCAP.CD,Syrian Arab Republic,SYR,1533.90166536568,1718.78347217338,1937.61138578027,2429.12477087189,2462.20193643202,2730.61477118949,2952.14349372257,1897.66115018696,985.892669227054,1060.59105886854,847.731631942565,656.3490586313,851.502005254153,1098.0668642357,1109.53926036049,572.355289831901,663.614245706815,1051.67149587463,847.372723418531,..
GDP per capita (current US$),NY.GDP.PCAP.CD,Tajikistan,TJK,333.927150941684,401.018403316427,516.997210618914,703.327375898643,664.795655734657,737.338883219356,833.601978202852,952.452819695469,1028.19704279396,1081.54402932039,956.916310930656,788.710481734485,829.45714764957,834.288404578801,871.022372934846,834.311715460625,896.748053372182,1052.17949484894,1178.47990060249,1341.20229027672
GDP per capita (current US$),NY.GDP.PCAP.CD,Tanzania,TZA,483.334869384766,475.746734619141,543.198303222656,675.977233886719,693.823547363281,736.530151367188,775.392761230469,861.969909667969,963.05712890625,1022.74841308594,939.127319335938,953.0107421875,986.674011230469,1023.10626220703,1063.32250976563,1117.41528320313,1159.85656738281,1207.85302734375,1224.48962402344,1185.74548339844
GDP per capita (current US$),NY.GDP.PCAP.CD,Thailand,THA,2867.70383436062,3331.32043511773,3918.52817434581,4309.13509292986,4135.43986952819,4973.86288823778,5373.6232832898,5725.52802835463,6018.08244729255,5801.1978916205,5688.85335397884,5833.57715617098,6413.09182530343,7099.77650081458,7605.69657797759,6985.64393892574,7057.20754802279,6909.35281815827,7195.10130919449,7345.13569000377
GDP per capita (current US$),NY.GDP.PCAP.CD,Timor-Leste,TLS,487.464555404292,464.667001844159,540.154584237662,628.153219252849,686.579295832381,813.060177250597,939.045241112693,1022.61903188429,1204.56841532931,1224.74957758801,1319.59297370991,1335.54390089814,1266.17767952941,1219.46599728983,1562.36458068032,1630.86938521256,2684.82702378987,2343.24523350389,1502.51964514186,1343.14886031844
GDP per capita (current US$),NY.GDP.PCAP.CD,Togo,TGO,551.259850017077,552.50227125256,607.588224471809,718.948786366771,720.694168794129,704.987164181378,783.989380490906,762.392047587088,826.543259457126,855.585284856656,751.052405084336,772.581787093976,792.765487219069,851.130806891807,826.260654099894,853.578220263722,939.613373786407,898.758154410712,985.697512629974,1043.14092889765
GDP per capita (current US$),NY.GDP.PCAP.CD,Tonga,TON,2477.72620144825,2750.34778600857,2797.06560109144,3218.45303993196,2914.23774004564,3416.08356601207,3849.99375750134,4384.17058724217,4219.24670113014,4136.59010898445,4123.90347238813,3987.98618837043,4365.92929788648,4638.8978542585,4676.84802517145,4700.44940541029,4912.57966349119,4933.07466930785,4863.76384632192,..
GDP per capita (current US$),NY.GDP.PCAP.CD,Trinidad and Tobago,TTO,12346.4373094075,14152.6607422113,16606.675360681,21298.9945258063,14634.0565003912,16815.424737361,19151.0870229722,20332.1389531925,21304.9776454565,21908.3017802988,19887.2337359338,17449.1623528186,17578.6417765865,17575.8042838042,17293.4730123427,15358.8612973066,17679.1812561341,20874.37682915,18639.259241294,19314.7163432664
GDP per capita (current US$),NY.GDP.PCAP.CD,Tunisia,TUN,3146.8260743927,3322.56933570096,3726.91672935667,4255.05008019523,4080.09032448781,4291.86120891575,4420.64772206537,4297.26782454273,4369.79345826358,4458.97895464547,4014.94773686432,3847.80354448809,3619.03247319953,3628.10366464236,3528.87213306798,3548.65363663803,3906.93926319391,3708.8481241036,3950.3753419816,4350.3717971875
GDP per capita (current US$),NY.GDP.PCAP.CD,Turkiye,TUR,7303.01388860245,7953.07848024969,9711.22376120832,10843.5036940489,9012.99945793034,10622.7020439723,11300.7852215681,11713.2849831139,12578.1878632,12165.220135038,11049.9951100942,10970.0458948862,10695.550196231,9568.83506330228,9215.44049888114,8638.73903848102,9743.21277804855,10674.504157865,13105.6585004778,15473.2872636856
GDP per capita (current US$),NY.GDP.PCAP.CD,Turkmenistan,TKM,1604.01618452312,1996.59310717308,2414.96071986964,3605.50395120549,3707.97850699617,4058.53937000739,5143.61929334647,6053.8748468749,6599.64529055481,7164.14536184006,5759.497903834,5686.98040962764,5828.4816623489,6125.05169712085,6648.0348960628,6592.60146027748,7051.20211079213,8156.35211950774,8232.65225980002,8571.60702949432
GDP per capita (current US$),NY.GDP.PCAP.CD,Turks and Caicos Islands,TCA,24122.3028180757,28734.2873064523,29443.8523030072,31453.8228752689,24596.8938015951,23093.8498268267,23626.726317837,22633.9527500233,22412.2069354887,24014.2653352354,25736.101625461,26946.4178520162,25614.8372710646,31625.616593277,31780.5217068989,20690.9160546118,27329.2885087196,31280.5418020808,35470.2151608295,37506.7798431288
GDP per capita (current US$),NY.GDP.PCAP.CD,Tuvalu,TUV,2304.82694329052,2396.26844307702,2794.16310084119,3088.30877413836,2683.96749549583,3024.8170790571,3636.08139989792,3598.46163091053,3510.21640142483,3528.85858102782,3357.83417700071,3808.69755015909,4165.66338700106,4466.12034928245,5115.13075950206,4976.11254109571,5905.08198095343,5911.32727055301,6344.7750188689,..
GDP per capita (current US$),NY.GDP.PCAP.CD,Uganda,UGA,330.405402707025,346.518255310647,401.389130865581,472.842681495852,798.947089938247,823.488144282,835.620060555838,795.222867553127,818.285427416713,896.054795546394,862.934610355811,752.696571725656,765.218332297361,792.16570022814,822.171150141651,845.76646385001,882.791717442001,963.067314233497,1002.30913908852,1072.71369837695
GDP per capita (current US$),NY.GDP.PCAP.CD,Ukraine,UKR,1875.33508300781,2366.494140625,3160.32763671875,4017.806640625,2607.08764648438,3039.63232421875,3656.69799804688,3951.34228515625,4129.89697265625,3054.908203125,2094.47387695313,2158.46118164063,2604.28759765625,3059.0517578125,3619.86157226563,3709.76928710938,4775.94580078125,4199.6708984375,5139.59814453125,5389.47314453125
GDP per capita (current US$),NY.GDP.PCAP.CD,United Arab Emirates,ARE,38719.3138307623,44342.6048322482,45854.7325158162,50054.1700681803,37803.0663738777,43696.6712590463,50789.050540755,52034.4762476071,52023.5170959441,51381.4069901746,43534.9972694631,41326.4018161569,42340.5917160161,45689.8570049401,44251.4541398817,37173.8754093066,43360.0211001327,49899.0652975197,49040.6947521035,49377.5643384379
GDP per capita (current US$),NY.GDP.PCAP.CD,United Kingdom,GBR,42104.7884375024,44512.4590296865,50397.6854954706,47396.1202078484,38744.131693043,39598.957119545,42109.6418795749,42490.1465463521,43419.0352598932,47426.6209829995,44983.885522934,40988.1044233026,40629.2340347345,43315.4874501318,42794.0022648288,40404.8062238951,46926.475736105,46062.9914079698,49200.8101526146,52636.7865943853
GDP per capita (current US$),NY.GDP.PCAP.CD,United States,USA,44123.3996470026,46301.9876485519,48050.227412195,48570.0594269601,47194.9500893872,48642.6312088213,50024.8812320773,51708.3940614082,53297.3862901595,55153.3940182967,56849.4697923159,57976.628204291,60047.7190728307,62875.6661382728,65227.9565911038,64401.5074354212,71307.4017277218,77860.9112908848,82304.6204272866,85809.9003846356
GDP per capita (current US$),NY.GDP.PCAP.CD,Uruguay,URY,5284.25677987129,6001.33294783172,7222.05403645877,9423.96562595893,9881.39573127081,12641.0576849008,15132.2675725587,16259.5940814256,18335.2594772322,18322.4276767157,17125.9016800298,17009.7584207276,19184.6502617082,19249.9404677501,18315.7316980028,15757.5355995779,17881.818721099,20818.6146091144,23019.4221560046,23906.5133029408
GDP per capita (current US$),NY.GDP.PCAP.CD,Uzbekistan,UZB,542.835808692209,649.118167003925,824.028192334768,1074.72928796701,1205.7993547038,1753.20730243278,2087.86386135694,2307.34649117185,2461.97947403595,2674.9628382103,2803.19018021751,2753.37951427589,2190.60411562888,1813.08530813664,2041.38480729431,1978.28051860763,2258.51964119278,2578.66689394219,2878.96879292451,3161.70010632875
GDP per capita (current US$),NY.GDP.PCAP.CD,Vanuatu,VUT,1873.99142640619,2034.79289624351,2333.70506748914,2603.60883136724,2546.38324565986,2815.18828985779,3163.1861645138,3004.78416664293,2979.79608084399,2973.09026493408,2854.89412272653,2956.12644801489,3159.86055790126,3206.65748718811,3207.44650452083,3042.98711598286,3211.71947349318,3292.34108821237,3515.23633611798,3542.81071592874
GDP per capita (current US$),NY.GDP.PCAP.CD,"Venezuela, RB",VEN,5432.4854184654,6739.38065342219,8331.62096991844,11262.4514256759,11596.6021921731,13646.3046622664,10843.9229703167,12901.4171582274,12403.1466957582,15943.6127197163,..,..,..,..,..,..,..,..,..,..
GDP per capita (current US$),NY.GDP.PCAP.CD,Viet Nam,VNM,710.746759994861,807.756645117054,925.640338348717,1163.83195772873,1226.16976051536,1683.16182443979,1950.92504174913,2185.11767654291,2359.51736472828,2546.38464459903,2577.56885340113,2735.0604380416,2956.10992127753,3222.31003125366,3440.90025375434,3534.03953482647,3704.1935590038,4147.69777213621,4323.35031982451,4717.29028732449
GDP per capita (current US$),NY.GDP.PCAP.CD,Virgin Islands (U.S.),VIR,40828.7460927775,41377.1466009652,44158.5054044325,39152.3750657306,38753.1825393897,39905.1284180994,38997.1373164651,37795.3192590675,34597.9766940328,33045.3643795999,34007.3529411765,35324.9748874586,35365.0693039774,36663.2087550584,38633.5298915336,39787.3741650202,42571.0777368471,44320.909185774,..,..
GDP per capita (current US$),NY.GDP.PCAP.CD,West Bank and Gaza,PSE,1543.70141392774,1570.10439962728,1664.24571669276,2035.20234121766,2191.78178736868,2557.07562356699,2880.79843707909,3067.43872735614,3315.29753909282,3352.11259506043,3272.15432360708,3527.61382413178,3620.36048715937,3562.33094270256,3656.85827137011,3233.56863835858,3678.63565662194,3799.95527015163,3455.02852911712,2592.30591217647
GDP per capita (current US$),NY.GDP.PCAP.CD,"Yemen, Rep.",YEM,734.159908450927,809.713127624703,890.305768114988,1071.63583282105,969.243509864478,1155.20305261418,1186.47500580876,1245.05068271586,1378.75002954611,1430.1642096418,1362.17381205593,975.359417003225,811.165970405745,633.887202450998,..,..,..,..,..,..
GDP per capita (current US$),NY.GDP.PCAP.CD,Zambia,ZMB,710.982068171696,1051.71714895686,1118.73162626953,1375.50211006997,1136.24168316848,1451.10616017155,1624.86817763443,1710.05061343728,1820.71854827391,1707.48573136694,1295.87788680068,1239.08527877713,1483.46577328065,1463.89997855593,1258.98619844462,951.644316655957,1127.16077872857,1447.12310138035,1330.72780576709,1235.08466482514
GDP per capita (current US$),NY.GDP.PCAP.CD,Zimbabwe,ZWE,461.028318446444,430.809214010242,413.302605010004,340.740210298158,735.446248561806,901.55051752819,1037.24613741902,1238.59479481433,1362.29952932396,1372.21474610373,1386.41855927575,1407.42096413212,3448.08699068824,2271.85250365817,1683.91313584141,1730.45391034701,1724.38727102272,2040.54658705395,2156.03409322984,2656.40937654332
,,,,,,,,,,,,,,,,,,,,,,,
,,,,,,,,,,,,,,,,,,,,,,,
,,,,,,,,,,,,,,,,,,,,,,,
Data from database: World Development Indicators,,,,,,,,,,,,,,,,,,,,,,,
Last Updated: 10/07/2025,,,,,,,,,,,,,,,,,,,,,,,
